{"Arkansas":0.0023537323,"Ashley":0.0008593526,"Baxter":0.0030369291,"Benton":0.0034506722,"Boone":0.0027794935,"Bradley":0.0015839493,"Calhoun":0.0037974684,"Carroll":0.0028680688,"Chicot":0.0022284123,"Clark":0.0050718512,"Clay":0.0036724201,"Cleburne":0.0019023462,"Cleveland":0.002507837,"Columbia":0.0021869874,"Conway":0.0024434942,"Craighead":0.0037453184,"Crawford":0.0068615471,"Crittenden":0.0013222743,"Cross":0.0042803638,"Dallas":0.007239819,"Desha":0.000591716,"Drew":0.0015160703,"Faulkner":0.002726653,"Franklin":0.0067934783,"Fulton":0.0046125461,"Garland":0.0052574876,"Grant":0.0026493256,"Greene":0.0051258155,"Hempstead":0.0003862495,"Hot Spring":0.0037238614,"Howard":0.0008624407,"Independence":0.0033206831,"Izard":0.0039508341,"Jackson":0.0043434681,"Jefferson":0.0010357815,"Johnson":0.0070406008,"Lafayette":0.0011494253,"Lawrence":0.0035473572,"Lee":0.0021231423,"Lincoln":0.0022870212,"Logan":0.0047573739,"Lonoke":0.0029047113,"Madison":0.0048038431,"Marion":0.0042356565,"Miller":0.0002023472,"Mississippi":0.0020585544,"Montgomery":0.0038971161,"Nevada":0.0007541478,"Newton":0.001497006,"Ouachita":0.0038119441,"Perry":0.0024615385,"Phillips":0.0032429245,"Pike":0.003125,"Poinsett":0.0047468354,"Polk":0.0032563647,"Pope":0.0063031229,"Prairie":0.0035385704,"Pulaski":0.0029811898,"Randolph":0.0019305019,"Saline":0.002881963,"Scott":0.0136730889,"Searcy":0.0008488964,"Sebastian":0.0077484727,"Sevier":0.0004304778,"Sharp":0.0040439053,"St. Francis":0.0021192855,"Stone":0.0057471264,"Union":0.0036706228,"Van Buren":0.003354454,"Washington":0.0044913606,"White":0.002708237,"Woodruff":0.0025575448,"Yell":0.0031979533}